purchase_date,vendor,sku,quantity,unit_cost,invoice_number,product_name
2026-03-14,Pacific Coast Distributing,BTL-0001,120,18.00,INV-190-0,Cedar Ridge Reserve Whiskey
2026-04-13,Pacific Coast Distributing,BTL-0001,120,18.00,INV-160-0,Cedar Ridge Reserve Whiskey
2026-05-13,Pacific Coast Distributing,BTL-0001,120,18.00,INV-130-0,Cedar Ridge Reserve Whiskey
2026-06-12,Pacific Coast Distributing,BTL-0001,120,18.00,INV-100-0,Cedar Ridge Reserve Whiskey
2026-07-12,Pacific Coast Distributing,BTL-0001,120,18.00,INV-70-0,Cedar Ridge Reserve Whiskey
2026-08-11,Pacific Coast Distributing,BTL-0001,120,18.00,INV-40-0,Cedar Ridge Reserve Whiskey
2026-09-10,Pacific Coast Distributing,BTL-0001,120,18.00,INV-10-0,Cedar Ridge Reserve Whiskey
2026-03-14,Heritage Wine & Spirits,BTL-0002,60,15.78,INV-190-0,Mesa Sol Reserve Tequila
2026-04-13,Heritage Wine & Spirits,BTL-0002,60,15.78,INV-160-0,Mesa Sol Reserve Tequila
2026-05-13,Heritage Wine & Spirits,BTL-0002,60,15.78,INV-130-0,Mesa Sol Reserve Tequila
2026-06-12,Heritage Wine & Spirits,BTL-0002,60,15.78,INV-100-0,Mesa Sol Reserve Tequila
2026-07-12,Heritage Wine & Spirits,BTL-0002,60,15.78,INV-70-0,Mesa Sol Reserve Tequila
2026-08-11,Heritage Wine & Spirits,BTL-0002,60,15.78,INV-40-0,Mesa Sol Reserve Tequila
2026-09-10,Heritage Wine & Spirits,BTL-0002,60,15.78,INV-10-0,Mesa Sol Reserve Tequila
2026-03-14,Northstar Beverage,BTL-0003,120,22.19,INV-190-0,North Current Reserve Vodka
2026-04-13,Northstar Beverage,BTL-0003,120,22.19,INV-160-0,North Current Reserve Vodka
2026-05-13,Northstar Beverage,BTL-0003,120,22.19,INV-130-0,North Current Reserve Vodka
2026-06-12,Northstar Beverage,BTL-0003,120,22.19,INV-100-0,North Current Reserve Vodka
2026-07-12,Northstar Beverage,BTL-0003,120,22.19,INV-70-0,North Current Reserve Vodka
2026-08-11,Northstar Beverage,BTL-0003,120,22.19,INV-40-0,North Current Reserve Vodka
2026-09-10,Northstar Beverage,BTL-0003,120,22.19,INV-10-0,North Current Reserve Vodka
2026-03-14,Valley Craft Collective,BTL-0004,120,29.10,INV-190-0,Juniper & Field Reserve Gin
2026-04-13,Valley Craft Collective,BTL-0004,120,29.10,INV-160-0,Juniper & Field Reserve Gin
2026-05-13,Valley Craft Collective,BTL-0004,120,29.10,INV-130-0,Juniper & Field Reserve Gin
2026-06-12,Valley Craft Collective,BTL-0004,120,29.10,INV-100-0,Juniper & Field Reserve Gin
2026-07-12,Valley Craft Collective,BTL-0004,120,29.10,INV-70-0,Juniper & Field Reserve Gin
2026-08-11,Valley Craft Collective,BTL-0004,120,29.10,INV-40-0,Juniper & Field Reserve Gin
2026-09-10,Valley Craft Collective,BTL-0004,120,29.10,INV-10-0,Juniper & Field Reserve Gin
2026-03-14,Pacific Coast Distributing,BTL-0005,120,36.85,INV-190-1,Harbor Lantern Reserve Rum
2026-04-13,Pacific Coast Distributing,BTL-0005,120,36.85,INV-160-1,Harbor Lantern Reserve Rum
2026-05-13,Pacific Coast Distributing,BTL-0005,120,36.85,INV-130-1,Harbor Lantern Reserve Rum
2026-06-12,Pacific Coast Distributing,BTL-0005,120,36.85,INV-100-1,Harbor Lantern Reserve Rum
2026-07-12,Pacific Coast Distributing,BTL-0005,120,36.85,INV-70-1,Harbor Lantern Reserve Rum
2026-08-11,Pacific Coast Distributing,BTL-0005,120,36.85,INV-40-1,Harbor Lantern Reserve Rum
2026-09-10,Pacific Coast Distributing,BTL-0005,120,36.85,INV-10-1,Harbor Lantern Reserve Rum
2026-03-14,Heritage Wine & Spirits,BTL-0006,60,11.06,INV-190-1,Valley Loom Reserve Wine
2026-04-13,Heritage Wine & Spirits,BTL-0006,60,11.06,INV-160-1,Valley Loom Reserve Wine
2026-05-13,Heritage Wine & Spirits,BTL-0006,60,11.06,INV-130-1,Valley Loom Reserve Wine
2026-06-12,Heritage Wine & Spirits,BTL-0006,60,11.06,INV-100-1,Valley Loom Reserve Wine
2026-07-12,Heritage Wine & Spirits,BTL-0006,60,11.06,INV-70-1,Valley Loom Reserve Wine
2026-08-11,Heritage Wine & Spirits,BTL-0006,60,11.06,INV-40-1,Valley Loom Reserve Wine
2026-09-10,Heritage Wine & Spirits,BTL-0006,60,11.06,INV-10-1,Valley Loom Reserve Wine
2026-03-14,Northstar Beverage,BTL-0007,120,18.50,INV-190-1,Trailhead Reserve Beer
2026-04-13,Northstar Beverage,BTL-0007,120,18.50,INV-160-1,Trailhead Reserve Beer
2026-05-13,Northstar Beverage,BTL-0007,120,18.50,INV-130-1,Trailhead Reserve Beer
2026-06-12,Northstar Beverage,BTL-0007,120,18.50,INV-100-1,Trailhead Reserve Beer
2026-07-12,Northstar Beverage,BTL-0007,120,18.50,INV-70-1,Trailhead Reserve Beer
2026-08-11,Northstar Beverage,BTL-0007,120,18.50,INV-40-1,Trailhead Reserve Beer
2026-09-10,Northstar Beverage,BTL-0007,120,18.50,INV-10-1,Trailhead Reserve Beer
2026-03-14,Valley Craft Collective,BTL-0008,120,25.08,INV-190-1,Orchard Vale Reserve Liqueur
2026-04-13,Valley Craft Collective,BTL-0008,120,25.08,INV-160-1,Orchard Vale Reserve Liqueur
2026-05-13,Valley Craft Collective,BTL-0008,120,25.08,INV-130-1,Orchard Vale Reserve Liqueur
2026-06-12,Valley Craft Collective,BTL-0008,120,25.08,INV-100-1,Orchard Vale Reserve Liqueur
2026-07-12,Valley Craft Collective,BTL-0008,120,25.08,INV-70-1,Orchard Vale Reserve Liqueur
2026-08-11,Valley Craft Collective,BTL-0008,120,25.08,INV-40-1,Orchard Vale Reserve Liqueur
2026-09-10,Valley Craft Collective,BTL-0008,120,25.08,INV-10-1,Orchard Vale Reserve Liqueur
2026-03-14,Pacific Coast Distributing,BTL-0009,60,32.79,INV-190-2,Cedar Ridge Classic Whiskey
2026-04-13,Pacific Coast Distributing,BTL-0009,60,32.79,INV-160-2,Cedar Ridge Classic Whiskey
2026-05-13,Pacific Coast Distributing,BTL-0009,60,32.79,INV-130-2,Cedar Ridge Classic Whiskey
2026-06-12,Pacific Coast Distributing,BTL-0009,60,32.79,INV-100-2,Cedar Ridge Classic Whiskey
2026-07-12,Pacific Coast Distributing,BTL-0009,60,32.79,INV-70-2,Cedar Ridge Classic Whiskey
2026-08-11,Pacific Coast Distributing,BTL-0009,60,32.79,INV-40-2,Cedar Ridge Classic Whiskey
2026-09-10,Pacific Coast Distributing,BTL-0009,60,32.79,INV-10-2,Cedar Ridge Classic Whiskey
2026-03-14,Heritage Wine & Spirits,BTL-0010,60,39.22,INV-190-2,Mesa Sol Classic Tequila
2026-04-13,Heritage Wine & Spirits,BTL-0010,60,39.22,INV-160-2,Mesa Sol Classic Tequila
2026-05-13,Heritage Wine & Spirits,BTL-0010,60,39.22,INV-130-2,Mesa Sol Classic Tequila
2026-06-12,Heritage Wine & Spirits,BTL-0010,60,39.22,INV-100-2,Mesa Sol Classic Tequila
2026-07-12,Heritage Wine & Spirits,BTL-0010,60,39.22,INV-70-2,Mesa Sol Classic Tequila
2026-08-11,Heritage Wine & Spirits,BTL-0010,60,39.22,INV-40-2,Mesa Sol Classic Tequila
2026-09-10,Heritage Wine & Spirits,BTL-0010,60,39.22,INV-10-2,Mesa Sol Classic Tequila
2026-03-14,Northstar Beverage,BTL-0011,120,14.23,INV-190-2,North Current Classic Vodka
2026-04-13,Northstar Beverage,BTL-0011,120,14.23,INV-160-2,North Current Classic Vodka
2026-05-13,Northstar Beverage,BTL-0011,120,14.23,INV-130-2,North Current Classic Vodka
2026-06-12,Northstar Beverage,BTL-0011,120,14.23,INV-100-2,North Current Classic Vodka
2026-07-12,Northstar Beverage,BTL-0011,120,14.23,INV-70-2,North Current Classic Vodka
2026-08-11,Northstar Beverage,BTL-0011,120,14.23,INV-40-2,North Current Classic Vodka
2026-09-10,Northstar Beverage,BTL-0011,120,14.23,INV-10-2,North Current Classic Vodka
2026-03-14,Valley Craft Collective,BTL-0012,120,21.36,INV-190-2,Juniper & Field Classic Gin
2026-04-13,Valley Craft Collective,BTL-0012,120,21.36,INV-160-2,Juniper & Field Classic Gin
2026-05-13,Valley Craft Collective,BTL-0012,120,21.36,INV-130-2,Juniper & Field Classic Gin
2026-06-12,Valley Craft Collective,BTL-0012,120,21.36,INV-100-2,Juniper & Field Classic Gin
2026-07-12,Valley Craft Collective,BTL-0012,120,21.36,INV-70-2,Juniper & Field Classic Gin
2026-08-11,Valley Craft Collective,BTL-0012,120,21.36,INV-40-2,Juniper & Field Classic Gin
2026-09-10,Valley Craft Collective,BTL-0012,120,21.36,INV-10-2,Juniper & Field Classic Gin
2026-03-14,Pacific Coast Distributing,BTL-0013,120,28.57,INV-190-3,Harbor Lantern Classic Rum
2026-04-13,Pacific Coast Distributing,BTL-0013,120,28.57,INV-160-3,Harbor Lantern Classic Rum
2026-05-13,Pacific Coast Distributing,BTL-0013,120,28.57,INV-130-3,Harbor Lantern Classic Rum
2026-06-12,Pacific Coast Distributing,BTL-0013,120,28.57,INV-100-3,Harbor Lantern Classic Rum
2026-07-12,Pacific Coast Distributing,BTL-0013,120,28.57,INV-70-3,Harbor Lantern Classic Rum
2026-08-11,Pacific Coast Distributing,BTL-0013,120,28.57,INV-40-3,Harbor Lantern Classic Rum
2026-09-10,Pacific Coast Distributing,BTL-0013,120,28.57,INV-10-3,Harbor Lantern Classic Rum
2026-03-14,Heritage Wine & Spirits,BTL-0014,60,35.77,INV-190-3,Valley Loom Classic Wine
2026-04-13,Heritage Wine & Spirits,BTL-0014,60,35.77,INV-160-3,Valley Loom Classic Wine
2026-05-13,Heritage Wine & Spirits,BTL-0014,60,35.77,INV-130-3,Valley Loom Classic Wine
2026-06-12,Heritage Wine & Spirits,BTL-0014,60,35.77,INV-100-3,Valley Loom Classic Wine
2026-07-12,Heritage Wine & Spirits,BTL-0014,60,35.77,INV-70-3,Valley Loom Classic Wine
2026-08-11,Heritage Wine & Spirits,BTL-0014,60,35.77,INV-40-3,Valley Loom Classic Wine
2026-09-10,Heritage Wine & Spirits,BTL-0014,60,35.77,INV-10-3,Valley Loom Classic Wine
2026-03-14,Northstar Beverage,BTL-0015,120,10.79,INV-190-3,Trailhead Classic Beer
2026-04-13,Northstar Beverage,BTL-0015,120,10.79,INV-160-3,Trailhead Classic Beer
2026-05-13,Northstar Beverage,BTL-0015,120,10.79,INV-130-3,Trailhead Classic Beer
2026-06-12,Northstar Beverage,BTL-0015,120,10.79,INV-100-3,Trailhead Classic Beer
2026-07-12,Northstar Beverage,BTL-0015,120,10.79,INV-70-3,Trailhead Classic Beer
2026-08-11,Northstar Beverage,BTL-0015,120,10.79,INV-40-3,Trailhead Classic Beer
2026-09-10,Northstar Beverage,BTL-0015,120,10.79,INV-10-3,Trailhead Classic Beer
2026-03-14,Valley Craft Collective,BTL-0016,120,17.31,INV-190-3,Orchard Vale Classic Liqueur
2026-04-13,Valley Craft Collective,BTL-0016,120,17.31,INV-160-3,Orchard Vale Classic Liqueur
2026-05-13,Valley Craft Collective,BTL-0016,120,17.31,INV-130-3,Orchard Vale Classic Liqueur
2026-06-12,Valley Craft Collective,BTL-0016,120,17.31,INV-100-3,Orchard Vale Classic Liqueur
2026-07-12,Valley Craft Collective,BTL-0016,120,17.31,INV-70-3,Orchard Vale Classic Liqueur
2026-08-11,Valley Craft Collective,BTL-0016,120,17.31,INV-40-3,Orchard Vale Classic Liqueur
2026-09-10,Valley Craft Collective,BTL-0016,120,17.31,INV-10-3,Orchard Vale Classic Liqueur
2026-03-14,Pacific Coast Distributing,BTL-0017,60,24.38,INV-190-4,Cedar Ridge Small Batch Whiskey
2026-04-13,Pacific Coast Distributing,BTL-0017,60,24.38,INV-160-4,Cedar Ridge Small Batch Whiskey
2026-05-13,Pacific Coast Distributing,BTL-0017,60,24.38,INV-130-4,Cedar Ridge Small Batch Whiskey
2026-06-12,Pacific Coast Distributing,BTL-0017,60,24.38,INV-100-4,Cedar Ridge Small Batch Whiskey
2026-07-12,Pacific Coast Distributing,BTL-0017,60,24.38,INV-70-4,Cedar Ridge Small Batch Whiskey
2026-08-11,Pacific Coast Distributing,BTL-0017,60,24.38,INV-40-4,Cedar Ridge Small Batch Whiskey
2026-09-10,Pacific Coast Distributing,BTL-0017,60,24.38,INV-10-4,Cedar Ridge Small Batch Whiskey
2026-03-14,Heritage Wine & Spirits,BTL-0018,60,31.27,INV-190-4,Mesa Sol Small Batch Tequila
2026-04-13,Heritage Wine & Spirits,BTL-0018,60,31.27,INV-160-4,Mesa Sol Small Batch Tequila
2026-05-13,Heritage Wine & Spirits,BTL-0018,60,31.27,INV-130-4,Mesa Sol Small Batch Tequila
2026-06-12,Heritage Wine & Spirits,BTL-0018,60,31.27,INV-100-4,Mesa Sol Small Batch Tequila
2026-07-12,Heritage Wine & Spirits,BTL-0018,60,31.27,INV-70-4,Mesa Sol Small Batch Tequila
2026-08-11,Heritage Wine & Spirits,BTL-0018,60,31.27,INV-40-4,Mesa Sol Small Batch Tequila
2026-09-10,Heritage Wine & Spirits,BTL-0018,60,31.27,INV-10-4,Mesa Sol Small Batch Tequila
2026-03-14,Northstar Beverage,BTL-0019,120,38.55,INV-190-4,North Current Small Batch Vodka
2026-04-13,Northstar Beverage,BTL-0019,120,38.55,INV-160-4,North Current Small Batch Vodka
2026-05-13,Northstar Beverage,BTL-0019,120,38.55,INV-130-4,North Current Small Batch Vodka
2026-06-12,Northstar Beverage,BTL-0019,120,38.55,INV-100-4,North Current Small Batch Vodka
2026-07-12,Northstar Beverage,BTL-0019,120,38.55,INV-70-4,North Current Small Batch Vodka
2026-08-11,Northstar Beverage,BTL-0019,120,38.55,INV-40-4,North Current Small Batch Vodka
2026-09-10,Northstar Beverage,BTL-0019,120,38.55,INV-10-4,North Current Small Batch Vodka
2026-03-14,Valley Craft Collective,BTL-0020,120,13.37,INV-190-4,Juniper & Field Small Batch Gin
2026-04-13,Valley Craft Collective,BTL-0020,120,13.37,INV-160-4,Juniper & Field Small Batch Gin
2026-05-13,Valley Craft Collective,BTL-0020,120,13.37,INV-130-4,Juniper & Field Small Batch Gin
2026-06-12,Valley Craft Collective,BTL-0020,120,13.37,INV-100-4,Juniper & Field Small Batch Gin
2026-07-12,Valley Craft Collective,BTL-0020,120,13.37,INV-70-4,Juniper & Field Small Batch Gin
2026-08-11,Valley Craft Collective,BTL-0020,120,13.37,INV-40-4,Juniper & Field Small Batch Gin
2026-09-10,Valley Craft Collective,BTL-0020,120,13.37,INV-10-4,Juniper & Field Small Batch Gin
2026-03-14,Pacific Coast Distributing,BTL-0021,120,14.00,INV-190-5,Harbor Lantern Small Batch Rum
2026-04-13,Pacific Coast Distributing,BTL-0021,120,14.00,INV-160-5,Harbor Lantern Small Batch Rum
2026-05-13,Pacific Coast Distributing,BTL-0021,120,14.00,INV-130-5,Harbor Lantern Small Batch Rum
2026-06-12,Pacific Coast Distributing,BTL-0021,120,14.00,INV-100-5,Harbor Lantern Small Batch Rum
2026-07-12,Pacific Coast Distributing,BTL-0021,120,14.00,INV-70-5,Harbor Lantern Small Batch Rum
2026-08-11,Pacific Coast Distributing,BTL-0021,120,14.00,INV-40-5,Harbor Lantern Small Batch Rum
2026-09-10,Pacific Coast Distributing,BTL-0021,120,14.00,INV-10-5,Harbor Lantern Small Batch Rum
2026-03-14,Heritage Wine & Spirits,BTL-0022,60,27.68,INV-190-5,Valley Loom Small Batch Wine
2026-04-13,Heritage Wine & Spirits,BTL-0022,60,27.68,INV-160-5,Valley Loom Small Batch Wine
2026-05-13,Heritage Wine & Spirits,BTL-0022,60,27.68,INV-130-5,Valley Loom Small Batch Wine
2026-06-12,Heritage Wine & Spirits,BTL-0022,60,27.68,INV-100-5,Valley Loom Small Batch Wine
2026-07-12,Heritage Wine & Spirits,BTL-0022,60,27.68,INV-70-5,Valley Loom Small Batch Wine
2026-08-11,Heritage Wine & Spirits,BTL-0022,60,27.68,INV-40-5,Valley Loom Small Batch Wine
2026-09-10,Heritage Wine & Spirits,BTL-0022,60,27.68,INV-10-5,Valley Loom Small Batch Wine
2026-03-14,Northstar Beverage,BTL-0023,120,34.01,INV-190-5,Trailhead Small Batch Beer
2026-04-13,Northstar Beverage,BTL-0023,120,34.01,INV-160-5,Trailhead Small Batch Beer
2026-05-13,Northstar Beverage,BTL-0023,120,34.01,INV-130-5,Trailhead Small Batch Beer
2026-06-12,Northstar Beverage,BTL-0023,120,34.01,INV-100-5,Trailhead Small Batch Beer
2026-07-12,Northstar Beverage,BTL-0023,120,34.01,INV-70-5,Trailhead Small Batch Beer
2026-08-11,Northstar Beverage,BTL-0023,120,34.01,INV-40-5,Trailhead Small Batch Beer
2026-09-10,Northstar Beverage,BTL-0023,120,34.01,INV-10-5,Trailhead Small Batch Beer
2026-03-14,Valley Craft Collective,BTL-0024,120,9.04,INV-190-5,Orchard Vale Small Batch Liqueur
2026-04-13,Valley Craft Collective,BTL-0024,120,9.04,INV-160-5,Orchard Vale Small Batch Liqueur
2026-05-13,Valley Craft Collective,BTL-0024,120,9.04,INV-130-5,Orchard Vale Small Batch Liqueur
2026-06-12,Valley Craft Collective,BTL-0024,120,9.04,INV-100-5,Orchard Vale Small Batch Liqueur
2026-07-12,Valley Craft Collective,BTL-0024,120,9.04,INV-70-5,Orchard Vale Small Batch Liqueur
2026-08-11,Valley Craft Collective,BTL-0024,120,9.04,INV-40-5,Orchard Vale Small Batch Liqueur
2026-09-10,Valley Craft Collective,BTL-0024,120,9.04,INV-10-5,Orchard Vale Small Batch Liqueur
2026-03-14,Pacific Coast Distributing,BTL-0025,60,16.57,INV-190-6,Cedar Ridge Estate Whiskey
2026-04-13,Pacific Coast Distributing,BTL-0025,60,16.57,INV-160-6,Cedar Ridge Estate Whiskey
2026-05-13,Pacific Coast Distributing,BTL-0025,60,16.57,INV-130-6,Cedar Ridge Estate Whiskey
2026-06-12,Pacific Coast Distributing,BTL-0025,60,16.57,INV-100-6,Cedar Ridge Estate Whiskey
2026-07-12,Pacific Coast Distributing,BTL-0025,60,16.57,INV-70-6,Cedar Ridge Estate Whiskey
2026-08-11,Pacific Coast Distributing,BTL-0025,60,16.57,INV-40-6,Cedar Ridge Estate Whiskey
2026-09-10,Pacific Coast Distributing,BTL-0025,60,16.57,INV-10-6,Cedar Ridge Estate Whiskey
2026-03-14,Heritage Wine & Spirits,BTL-0026,60,23.07,INV-190-6,Mesa Sol Estate Tequila
2026-04-13,Heritage Wine & Spirits,BTL-0026,60,23.07,INV-160-6,Mesa Sol Estate Tequila
2026-05-13,Heritage Wine & Spirits,BTL-0026,60,23.07,INV-130-6,Mesa Sol Estate Tequila
2026-06-12,Heritage Wine & Spirits,BTL-0026,60,23.07,INV-100-6,Mesa Sol Estate Tequila
2026-07-12,Heritage Wine & Spirits,BTL-0026,60,23.07,INV-70-6,Mesa Sol Estate Tequila
2026-08-11,Heritage Wine & Spirits,BTL-0026,60,23.07,INV-40-6,Mesa Sol Estate Tequila
2026-09-10,Heritage Wine & Spirits,BTL-0026,60,23.07,INV-10-6,Mesa Sol Estate Tequila
2026-03-14,Northstar Beverage,BTL-0027,120,30.93,INV-190-6,North Current Estate Vodka
2026-04-13,Northstar Beverage,BTL-0027,120,30.93,INV-160-6,North Current Estate Vodka
2026-05-13,Northstar Beverage,BTL-0027,120,30.93,INV-130-6,North Current Estate Vodka
2026-06-12,Northstar Beverage,BTL-0027,120,30.93,INV-100-6,North Current Estate Vodka
2026-07-12,Northstar Beverage,BTL-0027,120,30.93,INV-70-6,North Current Estate Vodka
2026-08-11,Northstar Beverage,BTL-0027,120,30.93,INV-40-6,North Current Estate Vodka
2026-09-10,Northstar Beverage,BTL-0027,120,30.93,INV-10-6,North Current Estate Vodka
2026-03-14,Valley Craft Collective,BTL-0028,120,37.97,INV-190-6,Juniper & Field Estate Gin
2026-04-13,Valley Craft Collective,BTL-0028,120,37.97,INV-160-6,Juniper & Field Estate Gin
2026-05-13,Valley Craft Collective,BTL-0028,120,37.97,INV-130-6,Juniper & Field Estate Gin
2026-06-12,Valley Craft Collective,BTL-0028,120,37.97,INV-100-6,Juniper & Field Estate Gin
2026-07-12,Valley Craft Collective,BTL-0028,120,37.97,INV-70-6,Juniper & Field Estate Gin
2026-08-11,Valley Craft Collective,BTL-0028,120,37.97,INV-40-6,Juniper & Field Estate Gin
2026-09-10,Valley Craft Collective,BTL-0028,120,37.97,INV-10-6,Juniper & Field Estate Gin
2026-03-14,Pacific Coast Distributing,BTL-0029,120,12.28,INV-190-7,Harbor Lantern Estate Rum
2026-04-13,Pacific Coast Distributing,BTL-0029,120,12.28,INV-160-7,Harbor Lantern Estate Rum
2026-05-13,Pacific Coast Distributing,BTL-0029,120,12.28,INV-130-7,Harbor Lantern Estate Rum
2026-06-12,Pacific Coast Distributing,BTL-0029,120,12.28,INV-100-7,Harbor Lantern Estate Rum
2026-07-12,Pacific Coast Distributing,BTL-0029,120,12.28,INV-70-7,Harbor Lantern Estate Rum
2026-08-11,Pacific Coast Distributing,BTL-0029,120,12.28,INV-40-7,Harbor Lantern Estate Rum
2026-09-10,Pacific Coast Distributing,BTL-0029,120,12.28,INV-10-7,Harbor Lantern Estate Rum
2026-03-14,Heritage Wine & Spirits,BTL-0030,60,19.76,INV-190-7,Valley Loom Estate Wine
2026-04-13,Heritage Wine & Spirits,BTL-0030,60,19.76,INV-160-7,Valley Loom Estate Wine
2026-05-13,Heritage Wine & Spirits,BTL-0030,60,19.76,INV-130-7,Valley Loom Estate Wine
2026-06-12,Heritage Wine & Spirits,BTL-0030,60,19.76,INV-100-7,Valley Loom Estate Wine
2026-07-12,Heritage Wine & Spirits,BTL-0030,60,19.76,INV-70-7,Valley Loom Estate Wine
2026-08-11,Heritage Wine & Spirits,BTL-0030,60,19.76,INV-40-7,Valley Loom Estate Wine
2026-09-10,Heritage Wine & Spirits,BTL-0030,60,19.76,INV-10-7,Valley Loom Estate Wine
2026-03-14,Northstar Beverage,BTL-0031,120,26.41,INV-190-7,Trailhead Estate Beer
2026-04-13,Northstar Beverage,BTL-0031,120,26.41,INV-160-7,Trailhead Estate Beer
2026-05-13,Northstar Beverage,BTL-0031,120,26.41,INV-130-7,Trailhead Estate Beer
2026-06-12,Northstar Beverage,BTL-0031,120,26.41,INV-100-7,Trailhead Estate Beer
2026-07-12,Northstar Beverage,BTL-0031,120,26.41,INV-70-7,Trailhead Estate Beer
2026-08-11,Northstar Beverage,BTL-0031,120,26.41,INV-40-7,Trailhead Estate Beer
2026-09-10,Northstar Beverage,BTL-0031,120,26.41,INV-10-7,Trailhead Estate Beer
2026-03-14,Valley Craft Collective,BTL-0032,120,33.23,INV-190-7,Orchard Vale Estate Liqueur
2026-04-13,Valley Craft Collective,BTL-0032,120,33.23,INV-160-7,Orchard Vale Estate Liqueur
2026-05-13,Valley Craft Collective,BTL-0032,120,33.23,INV-130-7,Orchard Vale Estate Liqueur
2026-06-12,Valley Craft Collective,BTL-0032,120,33.23,INV-100-7,Orchard Vale Estate Liqueur
2026-07-12,Valley Craft Collective,BTL-0032,120,33.23,INV-70-7,Orchard Vale Estate Liqueur
2026-08-11,Valley Craft Collective,BTL-0032,120,33.23,INV-40-7,Orchard Vale Estate Liqueur
2026-09-10,Valley Craft Collective,BTL-0032,120,33.23,INV-10-7,Orchard Vale Estate Liqueur
2026-03-14,Pacific Coast Distributing,BTL-0033,60,8.01,INV-190-8,Cedar Ridge Golden Whiskey
2026-04-13,Pacific Coast Distributing,BTL-0033,60,8.01,INV-160-8,Cedar Ridge Golden Whiskey
2026-05-13,Pacific Coast Distributing,BTL-0033,60,8.01,INV-130-8,Cedar Ridge Golden Whiskey
2026-06-12,Pacific Coast Distributing,BTL-0033,60,8.01,INV-100-8,Cedar Ridge Golden Whiskey
2026-07-12,Pacific Coast Distributing,BTL-0033,60,8.01,INV-70-8,Cedar Ridge Golden Whiskey
2026-08-11,Pacific Coast Distributing,BTL-0033,60,8.01,INV-40-8,Cedar Ridge Golden Whiskey
2026-09-10,Pacific Coast Distributing,BTL-0033,60,8.01,INV-10-8,Cedar Ridge Golden Whiskey
2026-03-14,Heritage Wine & Spirits,BTL-0034,60,15.52,INV-190-8,Mesa Sol Golden Tequila
2026-04-13,Heritage Wine & Spirits,BTL-0034,60,15.52,INV-160-8,Mesa Sol Golden Tequila
2026-05-13,Heritage Wine & Spirits,BTL-0034,60,15.52,INV-130-8,Mesa Sol Golden Tequila
2026-06-12,Heritage Wine & Spirits,BTL-0034,60,15.52,INV-100-8,Mesa Sol Golden Tequila
2026-07-12,Heritage Wine & Spirits,BTL-0034,60,15.52,INV-70-8,Mesa Sol Golden Tequila
2026-08-11,Heritage Wine & Spirits,BTL-0034,60,15.52,INV-40-8,Mesa Sol Golden Tequila
2026-09-10,Heritage Wine & Spirits,BTL-0034,60,15.52,INV-10-8,Mesa Sol Golden Tequila
2026-03-14,Northstar Beverage,BTL-0035,120,22.00,INV-190-8,North Current Golden Vodka
2026-04-13,Northstar Beverage,BTL-0035,120,22.00,INV-160-8,North Current Golden Vodka
2026-05-13,Northstar Beverage,BTL-0035,120,22.00,INV-130-8,North Current Golden Vodka
2026-06-12,Northstar Beverage,BTL-0035,120,22.00,INV-100-8,North Current Golden Vodka
2026-07-12,Northstar Beverage,BTL-0035,120,22.00,INV-70-8,North Current Golden Vodka
2026-08-11,Northstar Beverage,BTL-0035,120,22.00,INV-40-8,North Current Golden Vodka
2026-09-10,Northstar Beverage,BTL-0035,120,22.00,INV-10-8,North Current Golden Vodka
2026-03-14,Valley Craft Collective,BTL-0036,120,29.89,INV-190-8,Juniper & Field Golden Gin
2026-04-13,Valley Craft Collective,BTL-0036,120,29.89,INV-160-8,Juniper & Field Golden Gin
2026-05-13,Valley Craft Collective,BTL-0036,120,29.89,INV-130-8,Juniper & Field Golden Gin
2026-06-12,Valley Craft Collective,BTL-0036,120,29.89,INV-100-8,Juniper & Field Golden Gin
2026-07-12,Valley Craft Collective,BTL-0036,120,29.89,INV-70-8,Juniper & Field Golden Gin
2026-08-11,Valley Craft Collective,BTL-0036,120,29.89,INV-40-8,Juniper & Field Golden Gin
2026-09-10,Valley Craft Collective,BTL-0036,120,29.89,INV-10-8,Juniper & Field Golden Gin
2026-03-14,Pacific Coast Distributing,BTL-0037,120,36.40,INV-190-9,Harbor Lantern Golden Rum
2026-04-13,Pacific Coast Distributing,BTL-0037,120,36.40,INV-160-9,Harbor Lantern Golden Rum
2026-05-13,Pacific Coast Distributing,BTL-0037,120,36.40,INV-130-9,Harbor Lantern Golden Rum
2026-06-12,Pacific Coast Distributing,BTL-0037,120,36.40,INV-100-9,Harbor Lantern Golden Rum
2026-07-12,Pacific Coast Distributing,BTL-0037,120,36.40,INV-70-9,Harbor Lantern Golden Rum
2026-08-11,Pacific Coast Distributing,BTL-0037,120,36.40,INV-40-9,Harbor Lantern Golden Rum
2026-09-10,Pacific Coast Distributing,BTL-0037,120,36.40,INV-10-9,Harbor Lantern Golden Rum
2026-03-14,Heritage Wine & Spirits,BTL-0038,60,11.32,INV-190-9,Valley Loom Golden Wine
2026-04-13,Heritage Wine & Spirits,BTL-0038,60,11.32,INV-160-9,Valley Loom Golden Wine
2026-05-13,Heritage Wine & Spirits,BTL-0038,60,11.32,INV-130-9,Valley Loom Golden Wine
2026-06-12,Heritage Wine & Spirits,BTL-0038,60,11.32,INV-100-9,Valley Loom Golden Wine
2026-07-12,Heritage Wine & Spirits,BTL-0038,60,11.32,INV-70-9,Valley Loom Golden Wine
2026-08-11,Heritage Wine & Spirits,BTL-0038,60,11.32,INV-40-9,Valley Loom Golden Wine
2026-09-10,Heritage Wine & Spirits,BTL-0038,60,11.32,INV-10-9,Valley Loom Golden Wine
2026-03-14,Northstar Beverage,BTL-0039,120,18.58,INV-190-9,Trailhead Golden Beer
2026-04-13,Northstar Beverage,BTL-0039,120,18.58,INV-160-9,Trailhead Golden Beer
2026-05-13,Northstar Beverage,BTL-0039,120,18.58,INV-130-9,Trailhead Golden Beer
2026-06-12,Northstar Beverage,BTL-0039,120,18.58,INV-100-9,Trailhead Golden Beer
2026-07-12,Northstar Beverage,BTL-0039,120,18.58,INV-70-9,Trailhead Golden Beer
2026-08-11,Northstar Beverage,BTL-0039,120,18.58,INV-40-9,Trailhead Golden Beer
2026-09-10,Northstar Beverage,BTL-0039,120,18.58,INV-10-9,Trailhead Golden Beer
2026-03-14,Valley Craft Collective,BTL-0040,120,25.10,INV-190-9,Orchard Vale Golden Liqueur
2026-04-13,Valley Craft Collective,BTL-0040,120,25.10,INV-160-9,Orchard Vale Golden Liqueur
2026-05-13,Valley Craft Collective,BTL-0040,120,25.10,INV-130-9,Orchard Vale Golden Liqueur
2026-06-12,Valley Craft Collective,BTL-0040,120,25.10,INV-100-9,Orchard Vale Golden Liqueur
2026-07-12,Valley Craft Collective,BTL-0040,120,25.10,INV-70-9,Orchard Vale Golden Liqueur
2026-08-11,Valley Craft Collective,BTL-0040,120,25.10,INV-40-9,Orchard Vale Golden Liqueur
2026-09-10,Valley Craft Collective,BTL-0040,120,25.10,INV-10-9,Orchard Vale Golden Liqueur
2026-03-14,Pacific Coast Distributing,BTL-0041,60,32.52,INV-190-10,Cedar Ridge Highland Whiskey
2026-04-13,Pacific Coast Distributing,BTL-0041,60,32.52,INV-160-10,Cedar Ridge Highland Whiskey
2026-05-13,Pacific Coast Distributing,BTL-0041,60,32.52,INV-130-10,Cedar Ridge Highland Whiskey
2026-06-12,Pacific Coast Distributing,BTL-0041,60,32.52,INV-100-10,Cedar Ridge Highland Whiskey
2026-07-12,Pacific Coast Distributing,BTL-0041,60,32.52,INV-70-10,Cedar Ridge Highland Whiskey
2026-08-11,Pacific Coast Distributing,BTL-0041,60,32.52,INV-40-10,Cedar Ridge Highland Whiskey
2026-09-10,Pacific Coast Distributing,BTL-0041,60,32.52,INV-10-10,Cedar Ridge Highland Whiskey
2026-03-14,Heritage Wine & Spirits,BTL-0042,60,39.45,INV-190-10,Mesa Sol Highland Tequila
2026-04-13,Heritage Wine & Spirits,BTL-0042,60,39.45,INV-160-10,Mesa Sol Highland Tequila
2026-05-13,Heritage Wine & Spirits,BTL-0042,60,39.45,INV-130-10,Mesa Sol Highland Tequila
2026-06-12,Heritage Wine & Spirits,BTL-0042,60,39.45,INV-100-10,Mesa Sol Highland Tequila
2026-07-12,Heritage Wine & Spirits,BTL-0042,60,39.45,INV-70-10,Mesa Sol Highland Tequila
2026-08-11,Heritage Wine & Spirits,BTL-0042,60,39.45,INV-40-10,Mesa Sol Highland Tequila
2026-09-10,Heritage Wine & Spirits,BTL-0042,60,39.45,INV-10-10,Mesa Sol Highland Tequila
2026-03-14,Northstar Beverage,BTL-0043,120,14.65,INV-190-10,North Current Highland Vodka
2026-04-13,Northstar Beverage,BTL-0043,120,14.65,INV-160-10,North Current Highland Vodka
2026-05-13,Northstar Beverage,BTL-0043,120,14.65,INV-130-10,North Current Highland Vodka
2026-06-12,Northstar Beverage,BTL-0043,120,14.65,INV-100-10,North Current Highland Vodka
2026-07-12,Northstar Beverage,BTL-0043,120,14.65,INV-70-10,North Current Highland Vodka
2026-08-11,Northstar Beverage,BTL-0043,120,14.65,INV-40-10,North Current Highland Vodka
2026-09-10,Northstar Beverage,BTL-0043,120,14.65,INV-10-10,North Current Highland Vodka
2026-03-14,Valley Craft Collective,BTL-0044,120,21.64,INV-190-10,Juniper & Field Highland Gin
2026-04-13,Valley Craft Collective,BTL-0044,120,21.64,INV-160-10,Juniper & Field Highland Gin
2026-05-13,Valley Craft Collective,BTL-0044,120,21.64,INV-130-10,Juniper & Field Highland Gin
2026-06-12,Valley Craft Collective,BTL-0044,120,21.64,INV-100-10,Juniper & Field Highland Gin
2026-07-12,Valley Craft Collective,BTL-0044,120,21.64,INV-70-10,Juniper & Field Highland Gin
2026-08-11,Valley Craft Collective,BTL-0044,120,21.64,INV-40-10,Juniper & Field Highland Gin
2026-09-10,Valley Craft Collective,BTL-0044,120,21.64,INV-10-10,Juniper & Field Highland Gin
2026-03-14,Pacific Coast Distributing,BTL-0045,120,28.44,INV-190-11,Harbor Lantern Highland Rum
2026-04-13,Pacific Coast Distributing,BTL-0045,120,28.44,INV-160-11,Harbor Lantern Highland Rum
2026-05-13,Pacific Coast Distributing,BTL-0045,120,28.44,INV-130-11,Harbor Lantern Highland Rum
2026-06-12,Pacific Coast Distributing,BTL-0045,120,28.44,INV-100-11,Harbor Lantern Highland Rum
2026-07-12,Pacific Coast Distributing,BTL-0045,120,28.44,INV-70-11,Harbor Lantern Highland Rum
2026-08-11,Pacific Coast Distributing,BTL-0045,120,28.44,INV-40-11,Harbor Lantern Highland Rum
2026-09-10,Pacific Coast Distributing,BTL-0045,120,28.44,INV-10-11,Harbor Lantern Highland Rum
2026-03-14,Heritage Wine & Spirits,BTL-0046,60,35.17,INV-190-11,Valley Loom Highland Wine
2026-04-13,Heritage Wine & Spirits,BTL-0046,60,35.17,INV-160-11,Valley Loom Highland Wine
2026-05-13,Heritage Wine & Spirits,BTL-0046,60,35.17,INV-130-11,Valley Loom Highland Wine
2026-06-12,Heritage Wine & Spirits,BTL-0046,60,35.17,INV-100-11,Valley Loom Highland Wine
2026-07-12,Heritage Wine & Spirits,BTL-0046,60,35.17,INV-70-11,Valley Loom Highland Wine
2026-08-11,Heritage Wine & Spirits,BTL-0046,60,35.17,INV-40-11,Valley Loom Highland Wine
2026-09-10,Heritage Wine & Spirits,BTL-0046,60,35.17,INV-10-11,Valley Loom Highland Wine
2026-03-14,Northstar Beverage,BTL-0047,120,10.59,INV-190-11,Trailhead Highland Beer
2026-04-13,Northstar Beverage,BTL-0047,120,10.59,INV-160-11,Trailhead Highland Beer
2026-05-13,Northstar Beverage,BTL-0047,120,10.59,INV-130-11,Trailhead Highland Beer
2026-06-12,Northstar Beverage,BTL-0047,120,10.59,INV-100-11,Trailhead Highland Beer
2026-07-12,Northstar Beverage,BTL-0047,120,10.59,INV-70-11,Trailhead Highland Beer
2026-08-11,Northstar Beverage,BTL-0047,120,10.59,INV-40-11,Trailhead Highland Beer
2026-09-10,Northstar Beverage,BTL-0047,120,10.59,INV-10-11,Trailhead Highland Beer
2026-03-14,Valley Craft Collective,BTL-0048,120,17.61,INV-190-11,Orchard Vale Highland Liqueur
2026-04-13,Valley Craft Collective,BTL-0048,120,17.61,INV-160-11,Orchard Vale Highland Liqueur
2026-05-13,Valley Craft Collective,BTL-0048,120,17.61,INV-130-11,Orchard Vale Highland Liqueur
2026-06-12,Valley Craft Collective,BTL-0048,120,17.61,INV-100-11,Orchard Vale Highland Liqueur
2026-07-12,Valley Craft Collective,BTL-0048,120,17.61,INV-70-11,Orchard Vale Highland Liqueur
2026-08-11,Valley Craft Collective,BTL-0048,120,17.61,INV-40-11,Orchard Vale Highland Liqueur
2026-09-10,Valley Craft Collective,BTL-0048,120,17.61,INV-10-11,Orchard Vale Highland Liqueur
2026-03-14,Pacific Coast Distributing,BTL-0049,60,24.34,INV-190-12,Cedar Ridge Coastal Whiskey
2026-04-13,Pacific Coast Distributing,BTL-0049,60,24.34,INV-160-12,Cedar Ridge Coastal Whiskey
2026-05-13,Pacific Coast Distributing,BTL-0049,60,24.34,INV-130-12,Cedar Ridge Coastal Whiskey
2026-06-12,Pacific Coast Distributing,BTL-0049,60,24.34,INV-100-12,Cedar Ridge Coastal Whiskey
2026-07-12,Pacific Coast Distributing,BTL-0049,60,24.34,INV-70-12,Cedar Ridge Coastal Whiskey
2026-08-11,Pacific Coast Distributing,BTL-0049,60,24.34,INV-40-12,Cedar Ridge Coastal Whiskey
2026-09-10,Pacific Coast Distributing,BTL-0049,60,24.34,INV-10-12,Cedar Ridge Coastal Whiskey
2026-03-14,Heritage Wine & Spirits,BTL-0050,60,31.08,INV-190-12,Mesa Sol Coastal Tequila
2026-04-13,Heritage Wine & Spirits,BTL-0050,60,31.08,INV-160-12,Mesa Sol Coastal Tequila
2026-05-13,Heritage Wine & Spirits,BTL-0050,60,31.08,INV-130-12,Mesa Sol Coastal Tequila
2026-06-12,Heritage Wine & Spirits,BTL-0050,60,31.08,INV-100-12,Mesa Sol Coastal Tequila
2026-07-12,Heritage Wine & Spirits,BTL-0050,60,31.08,INV-70-12,Mesa Sol Coastal Tequila
2026-08-11,Heritage Wine & Spirits,BTL-0050,60,31.08,INV-40-12,Mesa Sol Coastal Tequila
2026-09-10,Heritage Wine & Spirits,BTL-0050,60,31.08,INV-10-12,Mesa Sol Coastal Tequila
2026-03-14,Northstar Beverage,BTL-0051,120,38.13,INV-190-12,North Current Coastal Vodka
2026-04-13,Northstar Beverage,BTL-0051,120,38.13,INV-160-12,North Current Coastal Vodka
2026-05-13,Northstar Beverage,BTL-0051,120,38.13,INV-130-12,North Current Coastal Vodka
2026-06-12,Northstar Beverage,BTL-0051,120,38.13,INV-100-12,North Current Coastal Vodka
2026-07-12,Northstar Beverage,BTL-0051,120,38.13,INV-70-12,North Current Coastal Vodka
2026-08-11,Northstar Beverage,BTL-0051,120,38.13,INV-40-12,North Current Coastal Vodka
2026-09-10,Northstar Beverage,BTL-0051,120,38.13,INV-10-12,North Current Coastal Vodka
2026-03-14,Valley Craft Collective,BTL-0052,120,13.56,INV-190-12,Juniper & Field Coastal Gin
2026-04-13,Valley Craft Collective,BTL-0052,120,13.56,INV-160-12,Juniper & Field Coastal Gin
2026-05-13,Valley Craft Collective,BTL-0052,120,13.56,INV-130-12,Juniper & Field Coastal Gin
2026-06-12,Valley Craft Collective,BTL-0052,120,13.56,INV-100-12,Juniper & Field Coastal Gin
2026-07-12,Valley Craft Collective,BTL-0052,120,13.56,INV-70-12,Juniper & Field Coastal Gin
2026-08-11,Valley Craft Collective,BTL-0052,120,13.56,INV-40-12,Juniper & Field Coastal Gin
2026-09-10,Valley Craft Collective,BTL-0052,120,13.56,INV-10-12,Juniper & Field Coastal Gin
2026-03-14,Pacific Coast Distributing,BTL-0053,120,20.85,INV-190-13,Harbor Lantern Coastal Rum
2026-04-13,Pacific Coast Distributing,BTL-0053,120,20.85,INV-160-13,Harbor Lantern Coastal Rum
2026-05-13,Pacific Coast Distributing,BTL-0053,120,20.85,INV-130-13,Harbor Lantern Coastal Rum
2026-06-12,Pacific Coast Distributing,BTL-0053,120,20.85,INV-100-13,Harbor Lantern Coastal Rum
2026-07-12,Pacific Coast Distributing,BTL-0053,120,20.85,INV-70-13,Harbor Lantern Coastal Rum
2026-08-11,Pacific Coast Distributing,BTL-0053,120,20.85,INV-40-13,Harbor Lantern Coastal Rum
2026-09-10,Pacific Coast Distributing,BTL-0053,120,20.85,INV-10-13,Harbor Lantern Coastal Rum
2026-03-14,Heritage Wine & Spirits,BTL-0054,60,27.35,INV-190-13,Valley Loom Coastal Wine
2026-04-13,Heritage Wine & Spirits,BTL-0054,60,27.35,INV-160-13,Valley Loom Coastal Wine
2026-05-13,Heritage Wine & Spirits,BTL-0054,60,27.35,INV-130-13,Valley Loom Coastal Wine
2026-06-12,Heritage Wine & Spirits,BTL-0054,60,27.35,INV-100-13,Valley Loom Coastal Wine
2026-07-12,Heritage Wine & Spirits,BTL-0054,60,27.35,INV-70-13,Valley Loom Coastal Wine
2026-08-11,Heritage Wine & Spirits,BTL-0054,60,27.35,INV-40-13,Valley Loom Coastal Wine
2026-09-10,Heritage Wine & Spirits,BTL-0054,60,27.35,INV-10-13,Valley Loom Coastal Wine
2026-03-14,Northstar Beverage,BTL-0055,120,34.55,INV-190-13,Trailhead Coastal Beer
2026-04-13,Northstar Beverage,BTL-0055,120,34.55,INV-160-13,Trailhead Coastal Beer
2026-05-13,Northstar Beverage,BTL-0055,120,34.55,INV-130-13,Trailhead Coastal Beer
2026-06-12,Northstar Beverage,BTL-0055,120,34.55,INV-100-13,Trailhead Coastal Beer
2026-07-12,Northstar Beverage,BTL-0055,120,34.55,INV-70-13,Trailhead Coastal Beer
2026-08-11,Northstar Beverage,BTL-0055,120,34.55,INV-40-13,Trailhead Coastal Beer
2026-09-10,Northstar Beverage,BTL-0055,120,34.55,INV-10-13,Trailhead Coastal Beer
2026-03-14,Valley Craft Collective,BTL-0056,120,9.97,INV-190-13,Orchard Vale Coastal Liqueur
2026-04-13,Valley Craft Collective,BTL-0056,120,9.97,INV-160-13,Orchard Vale Coastal Liqueur
2026-05-13,Valley Craft Collective,BTL-0056,120,9.97,INV-130-13,Orchard Vale Coastal Liqueur
2026-06-12,Valley Craft Collective,BTL-0056,120,9.97,INV-100-13,Orchard Vale Coastal Liqueur
2026-07-12,Valley Craft Collective,BTL-0056,120,9.97,INV-70-13,Orchard Vale Coastal Liqueur
2026-08-11,Valley Craft Collective,BTL-0056,120,9.97,INV-40-13,Orchard Vale Coastal Liqueur
2026-09-10,Valley Craft Collective,BTL-0056,120,9.97,INV-10-13,Orchard Vale Coastal Liqueur
2026-03-14,Pacific Coast Distributing,BTL-0057,12,16.32,INV-190-14,Cedar Ridge Founders Whiskey
2026-04-13,Pacific Coast Distributing,BTL-0057,12,16.32,INV-160-14,Cedar Ridge Founders Whiskey
2026-05-13,Pacific Coast Distributing,BTL-0057,12,16.32,INV-130-14,Cedar Ridge Founders Whiskey
2026-06-12,Pacific Coast Distributing,BTL-0057,12,16.32,INV-100-14,Cedar Ridge Founders Whiskey
2026-07-12,Pacific Coast Distributing,BTL-0057,12,16.32,INV-70-14,Cedar Ridge Founders Whiskey
2026-08-11,Pacific Coast Distributing,BTL-0057,12,16.32,INV-40-14,Cedar Ridge Founders Whiskey
2026-09-10,Pacific Coast Distributing,BTL-0057,12,16.32,INV-10-14,Cedar Ridge Founders Whiskey
2026-03-14,Heritage Wine & Spirits,BTL-0058,12,23.25,INV-190-14,Mesa Sol Founders Tequila
2026-04-13,Heritage Wine & Spirits,BTL-0058,12,23.25,INV-160-14,Mesa Sol Founders Tequila
2026-05-13,Heritage Wine & Spirits,BTL-0058,12,23.25,INV-130-14,Mesa Sol Founders Tequila
2026-06-12,Heritage Wine & Spirits,BTL-0058,12,23.25,INV-100-14,Mesa Sol Founders Tequila
2026-07-12,Heritage Wine & Spirits,BTL-0058,12,23.25,INV-70-14,Mesa Sol Founders Tequila
2026-08-11,Heritage Wine & Spirits,BTL-0058,12,23.25,INV-40-14,Mesa Sol Founders Tequila
2026-09-10,Heritage Wine & Spirits,BTL-0058,12,23.25,INV-10-14,Mesa Sol Founders Tequila
2026-03-14,Northstar Beverage,BTL-0059,24,30.19,INV-190-14,North Current Founders Vodka
2026-04-13,Northstar Beverage,BTL-0059,24,30.19,INV-160-14,North Current Founders Vodka
2026-05-13,Northstar Beverage,BTL-0059,24,30.19,INV-130-14,North Current Founders Vodka
2026-06-12,Northstar Beverage,BTL-0059,24,30.19,INV-100-14,North Current Founders Vodka
2026-07-12,Northstar Beverage,BTL-0059,24,30.19,INV-70-14,North Current Founders Vodka
2026-08-11,Northstar Beverage,BTL-0059,24,30.19,INV-40-14,North Current Founders Vodka
2026-09-10,Northstar Beverage,BTL-0059,24,30.19,INV-10-14,North Current Founders Vodka
2026-03-14,Valley Craft Collective,BTL-0060,24,37.14,INV-190-14,Juniper & Field Founders Gin
2026-04-13,Valley Craft Collective,BTL-0060,24,37.14,INV-160-14,Juniper & Field Founders Gin
2026-05-13,Valley Craft Collective,BTL-0060,24,37.14,INV-130-14,Juniper & Field Founders Gin
2026-06-12,Valley Craft Collective,BTL-0060,24,37.14,INV-100-14,Juniper & Field Founders Gin
2026-07-12,Valley Craft Collective,BTL-0060,24,37.14,INV-70-14,Juniper & Field Founders Gin
2026-08-11,Valley Craft Collective,BTL-0060,24,37.14,INV-40-14,Juniper & Field Founders Gin
2026-09-10,Valley Craft Collective,BTL-0060,24,37.14,INV-10-14,Juniper & Field Founders Gin
2026-03-14,Pacific Coast Distributing,BTL-0061,24,12.38,INV-190-15,Harbor Lantern Founders Rum
2026-04-13,Pacific Coast Distributing,BTL-0061,24,12.38,INV-160-15,Harbor Lantern Founders Rum
2026-05-13,Pacific Coast Distributing,BTL-0061,24,12.38,INV-130-15,Harbor Lantern Founders Rum
2026-06-12,Pacific Coast Distributing,BTL-0061,24,12.38,INV-100-15,Harbor Lantern Founders Rum
2026-07-12,Pacific Coast Distributing,BTL-0061,24,12.38,INV-70-15,Harbor Lantern Founders Rum
2026-08-11,Pacific Coast Distributing,BTL-0061,24,12.38,INV-40-15,Harbor Lantern Founders Rum
2026-09-10,Pacific Coast Distributing,BTL-0061,24,12.38,INV-10-15,Harbor Lantern Founders Rum
2026-03-14,Heritage Wine & Spirits,BTL-0062,12,19.82,INV-190-15,Valley Loom Founders Wine
2026-04-13,Heritage Wine & Spirits,BTL-0062,12,19.82,INV-160-15,Valley Loom Founders Wine
2026-05-13,Heritage Wine & Spirits,BTL-0062,12,19.82,INV-130-15,Valley Loom Founders Wine
2026-06-12,Heritage Wine & Spirits,BTL-0062,12,19.82,INV-100-15,Valley Loom Founders Wine
2026-07-12,Heritage Wine & Spirits,BTL-0062,12,19.82,INV-70-15,Valley Loom Founders Wine
2026-08-11,Heritage Wine & Spirits,BTL-0062,12,19.82,INV-40-15,Valley Loom Founders Wine
2026-09-10,Heritage Wine & Spirits,BTL-0062,12,19.82,INV-10-15,Valley Loom Founders Wine
2026-03-14,Northstar Beverage,BTL-0063,24,26.74,INV-190-15,Trailhead Founders Beer
2026-04-13,Northstar Beverage,BTL-0063,24,26.74,INV-160-15,Trailhead Founders Beer
2026-05-13,Northstar Beverage,BTL-0063,24,26.74,INV-130-15,Trailhead Founders Beer
2026-06-12,Northstar Beverage,BTL-0063,24,26.74,INV-100-15,Trailhead Founders Beer
2026-07-12,Northstar Beverage,BTL-0063,24,26.74,INV-70-15,Trailhead Founders Beer
2026-08-11,Northstar Beverage,BTL-0063,24,26.74,INV-40-15,Trailhead Founders Beer
2026-09-10,Northstar Beverage,BTL-0063,24,26.74,INV-10-15,Trailhead Founders Beer
2026-03-14,Valley Craft Collective,BTL-0064,24,33.05,INV-190-15,Orchard Vale Founders Liqueur
2026-04-13,Valley Craft Collective,BTL-0064,24,33.05,INV-160-15,Orchard Vale Founders Liqueur
2026-05-13,Valley Craft Collective,BTL-0064,24,33.05,INV-130-15,Orchard Vale Founders Liqueur
2026-06-12,Valley Craft Collective,BTL-0064,24,33.05,INV-100-15,Orchard Vale Founders Liqueur
2026-07-12,Valley Craft Collective,BTL-0064,24,33.05,INV-70-15,Orchard Vale Founders Liqueur
2026-08-11,Valley Craft Collective,BTL-0064,24,33.05,INV-40-15,Orchard Vale Founders Liqueur
2026-09-10,Valley Craft Collective,BTL-0064,24,33.05,INV-10-15,Orchard Vale Founders Liqueur
2026-03-14,Pacific Coast Distributing,BTL-0065,12,8.99,INV-190-16,Cedar Ridge Silver Whiskey
2026-04-13,Pacific Coast Distributing,BTL-0065,12,8.99,INV-160-16,Cedar Ridge Silver Whiskey
2026-05-13,Pacific Coast Distributing,BTL-0065,12,8.99,INV-130-16,Cedar Ridge Silver Whiskey
2026-06-12,Pacific Coast Distributing,BTL-0065,12,8.99,INV-100-16,Cedar Ridge Silver Whiskey
2026-07-12,Pacific Coast Distributing,BTL-0065,12,8.99,INV-70-16,Cedar Ridge Silver Whiskey
2026-08-11,Pacific Coast Distributing,BTL-0065,12,8.99,INV-40-16,Cedar Ridge Silver Whiskey
2026-09-10,Pacific Coast Distributing,BTL-0065,12,8.99,INV-10-16,Cedar Ridge Silver Whiskey
2026-03-14,Heritage Wine & Spirits,BTL-0066,12,15.37,INV-190-16,Mesa Sol Silver Tequila
2026-04-13,Heritage Wine & Spirits,BTL-0066,12,15.37,INV-160-16,Mesa Sol Silver Tequila
2026-05-13,Heritage Wine & Spirits,BTL-0066,12,15.37,INV-130-16,Mesa Sol Silver Tequila
2026-06-12,Heritage Wine & Spirits,BTL-0066,12,15.37,INV-100-16,Mesa Sol Silver Tequila
2026-07-12,Heritage Wine & Spirits,BTL-0066,12,15.37,INV-70-16,Mesa Sol Silver Tequila
2026-08-11,Heritage Wine & Spirits,BTL-0066,12,15.37,INV-40-16,Mesa Sol Silver Tequila
2026-09-10,Heritage Wine & Spirits,BTL-0066,12,15.37,INV-10-16,Mesa Sol Silver Tequila
2026-03-14,Northstar Beverage,BTL-0067,24,22.62,INV-190-16,North Current Silver Vodka
2026-04-13,Northstar Beverage,BTL-0067,24,22.62,INV-160-16,North Current Silver Vodka
2026-05-13,Northstar Beverage,BTL-0067,24,22.62,INV-130-16,North Current Silver Vodka
2026-06-12,Northstar Beverage,BTL-0067,24,22.62,INV-100-16,North Current Silver Vodka
2026-07-12,Northstar Beverage,BTL-0067,24,22.62,INV-70-16,North Current Silver Vodka
2026-08-11,Northstar Beverage,BTL-0067,24,22.62,INV-40-16,North Current Silver Vodka
2026-09-10,Northstar Beverage,BTL-0067,24,22.62,INV-10-16,North Current Silver Vodka
2026-03-14,Valley Craft Collective,BTL-0068,24,29.77,INV-190-16,Juniper & Field Silver Gin
2026-04-13,Valley Craft Collective,BTL-0068,24,29.77,INV-160-16,Juniper & Field Silver Gin
2026-05-13,Valley Craft Collective,BTL-0068,24,29.77,INV-130-16,Juniper & Field Silver Gin
2026-06-12,Valley Craft Collective,BTL-0068,24,29.77,INV-100-16,Juniper & Field Silver Gin
2026-07-12,Valley Craft Collective,BTL-0068,24,29.77,INV-70-16,Juniper & Field Silver Gin
2026-08-11,Valley Craft Collective,BTL-0068,24,29.77,INV-40-16,Juniper & Field Silver Gin
2026-09-10,Valley Craft Collective,BTL-0068,24,29.77,INV-10-16,Juniper & Field Silver Gin
2026-03-14,Pacific Coast Distributing,BTL-0069,24,36.20,INV-190-17,Harbor Lantern Silver Rum
2026-04-13,Pacific Coast Distributing,BTL-0069,24,36.20,INV-160-17,Harbor Lantern Silver Rum
2026-05-13,Pacific Coast Distributing,BTL-0069,24,36.20,INV-130-17,Harbor Lantern Silver Rum
2026-06-12,Pacific Coast Distributing,BTL-0069,24,36.20,INV-100-17,Harbor Lantern Silver Rum
2026-07-12,Pacific Coast Distributing,BTL-0069,24,36.20,INV-70-17,Harbor Lantern Silver Rum
2026-08-11,Pacific Coast Distributing,BTL-0069,24,36.20,INV-40-17,Harbor Lantern Silver Rum
2026-09-10,Pacific Coast Distributing,BTL-0069,24,36.20,INV-10-17,Harbor Lantern Silver Rum
2026-03-14,Heritage Wine & Spirits,BTL-0070,12,11.18,INV-190-17,Valley Loom Silver Wine
2026-04-13,Heritage Wine & Spirits,BTL-0070,12,11.18,INV-160-17,Valley Loom Silver Wine
2026-05-13,Heritage Wine & Spirits,BTL-0070,12,11.18,INV-130-17,Valley Loom Silver Wine
2026-06-12,Heritage Wine & Spirits,BTL-0070,12,11.18,INV-100-17,Valley Loom Silver Wine
2026-07-12,Heritage Wine & Spirits,BTL-0070,12,11.18,INV-70-17,Valley Loom Silver Wine
2026-08-11,Heritage Wine & Spirits,BTL-0070,12,11.18,INV-40-17,Valley Loom Silver Wine
2026-09-10,Heritage Wine & Spirits,BTL-0070,12,11.18,INV-10-17,Valley Loom Silver Wine
2026-03-14,Northstar Beverage,BTL-0071,24,18.32,INV-190-17,Trailhead Silver Beer
2026-04-13,Northstar Beverage,BTL-0071,24,18.32,INV-160-17,Trailhead Silver Beer
2026-05-13,Northstar Beverage,BTL-0071,24,18.32,INV-130-17,Trailhead Silver Beer
2026-06-12,Northstar Beverage,BTL-0071,24,18.32,INV-100-17,Trailhead Silver Beer
2026-07-12,Northstar Beverage,BTL-0071,24,18.32,INV-70-17,Trailhead Silver Beer
2026-08-11,Northstar Beverage,BTL-0071,24,18.32,INV-40-17,Trailhead Silver Beer
2026-09-10,Northstar Beverage,BTL-0071,24,18.32,INV-10-17,Trailhead Silver Beer
2026-03-14,Valley Craft Collective,BTL-0072,24,25.81,INV-190-17,Orchard Vale Silver Liqueur
2026-04-13,Valley Craft Collective,BTL-0072,24,25.81,INV-160-17,Orchard Vale Silver Liqueur
2026-05-13,Valley Craft Collective,BTL-0072,24,25.81,INV-130-17,Orchard Vale Silver Liqueur
2026-06-12,Valley Craft Collective,BTL-0072,24,25.81,INV-100-17,Orchard Vale Silver Liqueur
2026-07-12,Valley Craft Collective,BTL-0072,24,25.81,INV-70-17,Orchard Vale Silver Liqueur
2026-08-11,Valley Craft Collective,BTL-0072,24,25.81,INV-40-17,Orchard Vale Silver Liqueur
2026-09-10,Valley Craft Collective,BTL-0072,24,25.81,INV-10-17,Orchard Vale Silver Liqueur
2026-03-14,Pacific Coast Distributing,BTL-0073,12,32.83,INV-190-18,Cedar Ridge Oak Whiskey
2026-04-13,Pacific Coast Distributing,BTL-0073,12,32.83,INV-160-18,Cedar Ridge Oak Whiskey
2026-05-13,Pacific Coast Distributing,BTL-0073,12,32.83,INV-130-18,Cedar Ridge Oak Whiskey
2026-06-12,Pacific Coast Distributing,BTL-0073,12,32.83,INV-100-18,Cedar Ridge Oak Whiskey
2026-07-12,Pacific Coast Distributing,BTL-0073,12,32.83,INV-70-18,Cedar Ridge Oak Whiskey
2026-08-11,Pacific Coast Distributing,BTL-0073,12,32.83,INV-40-18,Cedar Ridge Oak Whiskey
2026-09-10,Pacific Coast Distributing,BTL-0073,12,32.83,INV-10-18,Cedar Ridge Oak Whiskey
2026-03-14,Heritage Wine & Spirits,BTL-0074,12,39.96,INV-190-18,Mesa Sol Oak Tequila
2026-04-13,Heritage Wine & Spirits,BTL-0074,12,39.96,INV-160-18,Mesa Sol Oak Tequila
2026-05-13,Heritage Wine & Spirits,BTL-0074,12,39.96,INV-130-18,Mesa Sol Oak Tequila
2026-06-12,Heritage Wine & Spirits,BTL-0074,12,39.96,INV-100-18,Mesa Sol Oak Tequila
2026-07-12,Heritage Wine & Spirits,BTL-0074,12,39.96,INV-70-18,Mesa Sol Oak Tequila
2026-08-11,Heritage Wine & Spirits,BTL-0074,12,39.96,INV-40-18,Mesa Sol Oak Tequila
2026-09-10,Heritage Wine & Spirits,BTL-0074,12,39.96,INV-10-18,Mesa Sol Oak Tequila
2026-03-14,Northstar Beverage,BTL-0075,24,14.69,INV-190-18,North Current Oak Vodka
2026-04-13,Northstar Beverage,BTL-0075,24,14.69,INV-160-18,North Current Oak Vodka
2026-05-13,Northstar Beverage,BTL-0075,24,14.69,INV-130-18,North Current Oak Vodka
2026-06-12,Northstar Beverage,BTL-0075,24,14.69,INV-100-18,North Current Oak Vodka
2026-07-12,Northstar Beverage,BTL-0075,24,14.69,INV-70-18,North Current Oak Vodka
2026-08-11,Northstar Beverage,BTL-0075,24,14.69,INV-40-18,North Current Oak Vodka
2026-09-10,Northstar Beverage,BTL-0075,24,14.69,INV-10-18,North Current Oak Vodka
2026-03-14,Valley Craft Collective,BTL-0076,24,21.67,INV-190-18,Juniper & Field Oak Gin
2026-04-13,Valley Craft Collective,BTL-0076,24,21.67,INV-160-18,Juniper & Field Oak Gin
2026-05-13,Valley Craft Collective,BTL-0076,24,21.67,INV-130-18,Juniper & Field Oak Gin
2026-06-12,Valley Craft Collective,BTL-0076,24,21.67,INV-100-18,Juniper & Field Oak Gin
2026-07-12,Valley Craft Collective,BTL-0076,24,21.67,INV-70-18,Juniper & Field Oak Gin
2026-08-11,Valley Craft Collective,BTL-0076,24,21.67,INV-40-18,Juniper & Field Oak Gin
2026-09-10,Valley Craft Collective,BTL-0076,24,21.67,INV-10-18,Juniper & Field Oak Gin
2026-03-14,Pacific Coast Distributing,BTL-0077,24,28.97,INV-190-19,Harbor Lantern Oak Rum
2026-04-13,Pacific Coast Distributing,BTL-0077,24,28.97,INV-160-19,Harbor Lantern Oak Rum
2026-05-13,Pacific Coast Distributing,BTL-0077,24,28.97,INV-130-19,Harbor Lantern Oak Rum
2026-06-12,Pacific Coast Distributing,BTL-0077,24,28.97,INV-100-19,Harbor Lantern Oak Rum
2026-07-12,Pacific Coast Distributing,BTL-0077,24,28.97,INV-70-19,Harbor Lantern Oak Rum
2026-08-11,Pacific Coast Distributing,BTL-0077,24,28.97,INV-40-19,Harbor Lantern Oak Rum
2026-09-10,Pacific Coast Distributing,BTL-0077,24,28.97,INV-10-19,Harbor Lantern Oak Rum
2026-03-14,Heritage Wine & Spirits,BTL-0078,12,35.91,INV-190-19,Valley Loom Oak Wine
2026-04-13,Heritage Wine & Spirits,BTL-0078,12,35.91,INV-160-19,Valley Loom Oak Wine
2026-05-13,Heritage Wine & Spirits,BTL-0078,12,35.91,INV-130-19,Valley Loom Oak Wine
2026-06-12,Heritage Wine & Spirits,BTL-0078,12,35.91,INV-100-19,Valley Loom Oak Wine
2026-07-12,Heritage Wine & Spirits,BTL-0078,12,35.91,INV-70-19,Valley Loom Oak Wine
2026-08-11,Heritage Wine & Spirits,BTL-0078,12,35.91,INV-40-19,Valley Loom Oak Wine
2026-09-10,Heritage Wine & Spirits,BTL-0078,12,35.91,INV-10-19,Valley Loom Oak Wine
2026-03-14,Northstar Beverage,BTL-0079,24,10.34,INV-190-19,Trailhead Oak Beer
2026-04-13,Northstar Beverage,BTL-0079,24,10.34,INV-160-19,Trailhead Oak Beer
2026-05-13,Northstar Beverage,BTL-0079,24,10.34,INV-130-19,Trailhead Oak Beer
2026-06-12,Northstar Beverage,BTL-0079,24,10.34,INV-100-19,Trailhead Oak Beer
2026-07-12,Northstar Beverage,BTL-0079,24,10.34,INV-70-19,Trailhead Oak Beer
2026-08-11,Northstar Beverage,BTL-0079,24,10.34,INV-40-19,Trailhead Oak Beer
2026-09-10,Northstar Beverage,BTL-0079,24,10.34,INV-10-19,Trailhead Oak Beer
2026-03-14,Valley Craft Collective,BTL-0080,24,17.30,INV-190-19,Orchard Vale Oak Liqueur
2026-04-13,Valley Craft Collective,BTL-0080,24,17.30,INV-160-19,Orchard Vale Oak Liqueur
2026-05-13,Valley Craft Collective,BTL-0080,24,17.30,INV-130-19,Orchard Vale Oak Liqueur
2026-06-12,Valley Craft Collective,BTL-0080,24,17.30,INV-100-19,Orchard Vale Oak Liqueur
2026-07-12,Valley Craft Collective,BTL-0080,24,17.30,INV-70-19,Orchard Vale Oak Liqueur
2026-08-11,Valley Craft Collective,BTL-0080,24,17.30,INV-40-19,Orchard Vale Oak Liqueur
2026-09-10,Valley Craft Collective,BTL-0080,24,17.30,INV-10-19,Orchard Vale Oak Liqueur
2026-03-14,Pacific Coast Distributing,BTL-0081,12,24.80,INV-190-20,Cedar Ridge Meadow Whiskey
2026-04-13,Pacific Coast Distributing,BTL-0081,12,24.80,INV-160-20,Cedar Ridge Meadow Whiskey
2026-05-13,Pacific Coast Distributing,BTL-0081,12,24.80,INV-130-20,Cedar Ridge Meadow Whiskey
2026-03-14,Heritage Wine & Spirits,BTL-0082,12,31.81,INV-190-20,Mesa Sol Meadow Tequila
2026-04-13,Heritage Wine & Spirits,BTL-0082,12,31.81,INV-160-20,Mesa Sol Meadow Tequila
2026-05-13,Heritage Wine & Spirits,BTL-0082,12,31.81,INV-130-20,Mesa Sol Meadow Tequila
2026-03-14,Northstar Beverage,BTL-0083,24,38.08,INV-190-20,North Current Meadow Vodka
2026-04-13,Northstar Beverage,BTL-0083,24,38.08,INV-160-20,North Current Meadow Vodka
2026-05-13,Northstar Beverage,BTL-0083,24,38.08,INV-130-20,North Current Meadow Vodka
2026-03-14,Valley Craft Collective,BTL-0084,24,13.90,INV-190-20,Juniper & Field Meadow Gin
2026-04-13,Valley Craft Collective,BTL-0084,24,13.90,INV-160-20,Juniper & Field Meadow Gin
2026-05-13,Valley Craft Collective,BTL-0084,24,13.90,INV-130-20,Juniper & Field Meadow Gin
2026-03-14,Pacific Coast Distributing,BTL-0085,24,20.73,INV-190-21,Harbor Lantern Meadow Rum
2026-04-13,Pacific Coast Distributing,BTL-0085,24,20.73,INV-160-21,Harbor Lantern Meadow Rum
2026-05-13,Pacific Coast Distributing,BTL-0085,24,20.73,INV-130-21,Harbor Lantern Meadow Rum
2026-03-14,Heritage Wine & Spirits,BTL-0086,12,27.07,INV-190-21,Valley Loom Meadow Wine
2026-04-13,Heritage Wine & Spirits,BTL-0086,12,27.07,INV-160-21,Valley Loom Meadow Wine
2026-05-13,Heritage Wine & Spirits,BTL-0086,12,27.07,INV-130-21,Valley Loom Meadow Wine
2026-03-14,Northstar Beverage,BTL-0087,24,34.26,INV-190-21,Trailhead Meadow Beer
2026-04-13,Northstar Beverage,BTL-0087,24,34.26,INV-160-21,Trailhead Meadow Beer
2026-05-13,Northstar Beverage,BTL-0087,24,34.26,INV-130-21,Trailhead Meadow Beer
2026-03-14,Valley Craft Collective,BTL-0088,24,9.05,INV-190-21,Orchard Vale Meadow Liqueur
2026-04-13,Valley Craft Collective,BTL-0088,24,9.05,INV-160-21,Orchard Vale Meadow Liqueur
2026-05-13,Valley Craft Collective,BTL-0088,24,9.05,INV-130-21,Orchard Vale Meadow Liqueur
2026-03-14,Pacific Coast Distributing,BTL-0089,12,16.35,INV-190-22,Cedar Ridge Evening Whiskey
2026-04-13,Pacific Coast Distributing,BTL-0089,12,16.35,INV-160-22,Cedar Ridge Evening Whiskey
2026-05-13,Pacific Coast Distributing,BTL-0089,12,16.35,INV-130-22,Cedar Ridge Evening Whiskey
2026-03-14,Heritage Wine & Spirits,BTL-0090,12,23.56,INV-190-22,Mesa Sol Evening Tequila
2026-04-13,Heritage Wine & Spirits,BTL-0090,12,23.56,INV-160-22,Mesa Sol Evening Tequila
2026-05-13,Heritage Wine & Spirits,BTL-0090,12,23.56,INV-130-22,Mesa Sol Evening Tequila
2026-03-14,Northstar Beverage,BTL-0091,24,30.61,INV-190-22,North Current Evening Vodka
2026-04-13,Northstar Beverage,BTL-0091,24,30.61,INV-160-22,North Current Evening Vodka
2026-05-13,Northstar Beverage,BTL-0091,24,30.61,INV-130-22,North Current Evening Vodka
2026-03-14,Valley Craft Collective,BTL-0092,24,37.22,INV-190-22,Juniper & Field Evening Gin
2026-04-13,Valley Craft Collective,BTL-0092,24,37.22,INV-160-22,Juniper & Field Evening Gin
2026-05-13,Valley Craft Collective,BTL-0092,24,37.22,INV-130-22,Juniper & Field Evening Gin
2026-03-14,Pacific Coast Distributing,BTL-0093,24,12.18,INV-190-23,Harbor Lantern Evening Rum
2026-04-13,Pacific Coast Distributing,BTL-0093,24,12.18,INV-160-23,Harbor Lantern Evening Rum
2026-05-13,Pacific Coast Distributing,BTL-0093,24,12.18,INV-130-23,Harbor Lantern Evening Rum
2026-03-14,Heritage Wine & Spirits,BTL-0094,12,19.47,INV-190-23,Valley Loom Evening Wine
2026-04-13,Heritage Wine & Spirits,BTL-0094,12,19.47,INV-160-23,Valley Loom Evening Wine
2026-05-13,Heritage Wine & Spirits,BTL-0094,12,19.47,INV-130-23,Valley Loom Evening Wine
2026-03-14,Northstar Beverage,BTL-0095,24,26.30,INV-190-23,Trailhead Evening Beer
2026-04-13,Northstar Beverage,BTL-0095,24,26.30,INV-160-23,Trailhead Evening Beer
2026-05-13,Northstar Beverage,BTL-0095,24,26.30,INV-130-23,Trailhead Evening Beer
2026-03-14,Valley Craft Collective,BTL-0096,24,33.97,INV-190-23,Orchard Vale Evening Liqueur
2026-04-13,Valley Craft Collective,BTL-0096,24,33.97,INV-160-23,Orchard Vale Evening Liqueur
2026-05-13,Valley Craft Collective,BTL-0096,24,33.97,INV-130-23,Orchard Vale Evening Liqueur
